num_nans,num_valids,vnr,avg_phi
3255.0,124.0,0.0380952380952381,0.7566552737309287
1623.0,66.0,0.04066543438077634,0.730134318750632
1076.0,50.0,0.046468401486988845,0.7514059238810481
811.0,33.0,0.040690505548705305,0.8152351705382646
654.0,21.0,0.03211009174311927,0.6774964256417921
540.0,23.0,0.04259259259259259,0.6760918598456659
459.0,23.0,0.05010893246187364,0.7088950390737283
406.0,16.0,0.03940886699507389,0.6553177055938291
358.0,17.0,0.04748603351955307,0.6192589988933481
325.0,12.0,0.036923076923076927,0.6694394898414148
296.0,11.0,0.037162162162162164,0.655714313765777
265.0,16.0,0.06037735849056604,0.7323416696222299
249.0,10.0,0.040160642570281124,0.717194315370234
228.0,13.0,0.05701754385964912,0.7237434322850318
217.0,8.0,0.03686635944700461,0.8777559142600959
207.0,4.0,0.01932367149758454,1.1517603484667225
189.0,9.0,0.047619047619047616,0.6014862070230909
181.0,6.0,0.03314917127071823,0.8303237843724892
169.0,8.0,0.047337278106508875,0.7153081118568657
159.0,9.0,0.05660377358490566,0.8225642878615749
148.0,12.0,0.08108108108108109,0.6068051157691116
150.0,3.0,0.02,0.4686838705352763
138.0,8.0,0.057971014492753624,0.9318960899440767
131.0,9.0,0.06870229007633588,0.6748848585156259
128.0,7.0,0.0546875,1.2412245097486536
126.0,3.0,0.023809523809523808,0.8688636634973436
120.0,5.0,0.041666666666666664,1.1695620534790092
116.0,4.0,0.034482758620689655,1.119598417560784
112.0,4.0,0.03571428571428571,0.6970932699870682
109.0,3.0,0.027522935779816515,1.1678901349178545
